Id,TagName
1,deep-network
2,generalization
4,neurons
6,mindstorms
8,intelligent-agent
9,philosophy
12,fuzzy-logic
13,neural-networks
14,image-recognition
15,turing-test
16,strong-ai
17,weak-ai
18,definitions
19,singularity
22,overfitting
23,optimization
25,emotional-intelligence
26,genetic-algorithms
27,machine-learning
32,terminology
34,markov-chain
35,probabilistic
36,performance
37,hidden-layers
39,history
44,models
46,legal
47,programming-languages
48,lisp
50,statistical-ai
53,heuristics
54,search
55,chess
56,comparison
58,unsupervised-learning
63,classical-ai
65,agi
66,declarative-programming
67,gofai
69,symbolic-computing
70,algorithm
72,self-driving
73,decision-theory
74,incompleteness-theorems
77,boltzmann-machine
81,efficiency
82,ultraintelligent-machine
83,hypercomputation
84,recurrent-neural-networks
86,halting-problem
87,training
88,deep-learning
89,convolutional-neural-networks
90,deepdream
92,neural-doodle
94,math
95,pattern-recognition
96,natural-language
99,computer-vision
102,quantum-computing
103,handwritten-characters
107,new-ai
109,natural-language-processing
110,wordvector
112,classification
113,knowledge-representation
114,time
115,embodied-cognition
119,intelligence-testing
120,ethics
121,research
122,chat-bots
123,human-inspired
124,text-summarization
126,watson
127,storage
128,lexical-recognition
130,ai-community
131,cyborg
133,mlp
135,hardware
136,problem-solving
137,world-knowledge
138,backpropagation
139,learning-theory
140,artificial-neuron
141,signal-processing
146,implementation
150,applications
155,ai-design
166,ocr
172,gradient-descent
177,robots
180,architecture
181,prediction
187,friendly-ai
188,death
189,reinforcement-learning
194,healthcare
197,biology
198,deep-blue
199,social
200,reasoning
201,multi-agent-systems
202,minimax
203,game-theory
206,datasets
208,real-time
210,linear-regression
214,action-recognition
216,lstm
219,cars
220,gaming
221,branching-factors
222,deepmind
226,language-processing
228,genetic-programming
229,cyberterrorism
230,security
231,challenges
232,control-problem
234,prolog
236,evolutionary-algorithms
239,computer-programming
240,object-recognition
242,keras
249,learning-algorithms
251,path-planning
252,robotics
265,detecting-patterns
266,asimovs-laws
270,nasa
272,deepdreaming
273,computational-linguistics
274,structured-data
276,voice-recognition
282,reference-request
283,logic
284,thought-vectors
285,ai-box
287,human-like
288,cognitive-science
292,tensorflow
295,expert-system
299,untagged
301,swarm-intelligence
302,software-architecture
303,game-ai
304,hci
306,google
315,linear-algebra
317,combinatorics
318,dropout
319,ai-safety
320,value-alignment
322,go
326,intelligence-augmentation
330,neo-luddism
332,superintelligence
333,htm
334,combinatorial-games
335,imperfect-information
336,incomplete-information
337,cfg
338,poker
339,deepstack
342,perceptron
343,russell-norvig
344,knapsack-problem
346,negamax
347,artificial-consciousness
348,sentience
349,scene-classification
350,rul
351,facial-recognition
352,getting-started
353,python
354,ai-basics
355,automation
356,ai-takeover
357,fitness-functions
358,q-learning
362,praxis
363,graphs
364,software-evaluation
366,pathfinding
367,theory
368,hardware-evaluation
369,matlab
370,data-science
372,alphago
373,self-replication
374,universal-constructor
375,alphazero
377,brain
378,super-organism
379,r
380,node-js
381,genes
382,graph-coloring
385,neat
386,generative-model
387,javascript
388,spanish-language
389,time-complexity
392,java
393,c++
394,unassisted-learning
395,norvig-russell
397,art-aesthetics
398,ai-field
401,open-source
402,emergence
403,sentiment-analysis
404,self-play
405,perfect-play
408,early-stopping
409,regularization
411,wetware
412,word2vec
413,teaching-concepts
414,autoencoders
415,mythology-of-ai
416,decision-tree
417,chinese-room-argument
418,semantics
419,rationality
420,intelligence
421,brute-force
422,bayes
423,open-ai
424,self-awareness
425,sense
426,concepts
427,academia
428,real-world
429,soft-question
430,ltsm
431,feedforward
432,som
433,digital-rights
434,dqn
435,alphago-zero
436,google-cloud
439,confidence
440,profession
441,topology
443,structure
444,feedback
445,graph-theory
446,alpha-beta-pruning
447,marketability
449,svm
450,collaboration
452,autonomous-vehicles
454,checkers
455,activation-function
456,relu
457,monte-carlo-tree-search
458,risk-management
460,dimensionality
462,generative-adversarial-networks
463,convergence
465,categorical-data
466,automated-theorem-proving
467,long-short-term-memory
468,attention
469,sequence-modelling
472,predicting-ai-milestones
473,resource-request
474,value-iteration
476,breadth-first-search
477,discount-factor
478,sigmoid
479,survival
480,simple-reflex-agents
481,neuromorphic-engineering
482,analog-computing
483,feature-selection
486,loss-functions
487,speech-synthesis
488,spiking-networks
490,quantification
491,chaos
492,hyper-parameters
493,intelligence-metrics
494,reliability
495,embedded-design
496,quality-control
497,reward-clipping
499,audio-processing
500,vector-graphics-processing
501,sparse-input
502,consumer-product
503,abstraction
504,collision-avoidance
505,ai-development
507,goal-based
508,utility-based
509,mdp
510,strong-narrow-ai
511,difference
512,cultural-change
513,legal-change
514,cognition
515,symbolic-ai
516,quotes
517,invention
518,feasibility
519,rule-acquisition
521,mapping-space
522,proofs
523,online-resources
524,markov-decision-process
525,finite-markov-decision-process
526,random-variable
527,probability-distribution
528,latent-variable
529,anthropomorphism
530,a-star
531,maximum-likelihood
532,fallibility
533,forecasting
535,papers
536,active-learning
537,accessibility
538,lfsr
539,greedy-ai
542,measured-disturbance
544,image-generation
545,machine-translation
546,ai-methods
547,memory
548,binary
549,information-theory
550,policy-gradients
551,rewards
554,artificial-life
555,distributed-computing
556,integration
557,iiot
558,deepfakes
559,meta-rules
561,feature-extraction
566,legislation
568,gesture-recognition
569,planning
570,creativity
572,autonomous-weapons
574,blockchain
575,pytorch
576,education
577,experience-replay
578,actor-critic
579,diagnostics
580,stochastic-policy
581,deterministic-policy
582,on-policy
583,off-policy
584,policy
585,ai-a-modern-approach
586,deep-rl
587,rl-an-introduction
588,algorithmic-trading
589,markov-property
590,atari-games
591,gpu
592,cloud-services
593,processors
594,q-function
595,v-function
596,clustering
597,value-function
598,return
599,environment
600,monte-carlo
601,temporal-difference
602,pomdp
603,expectation
604,prioritized-sweeping
605,gym
606,semi-mdp
607,notation
608,proximal-policy-optimization
609,optimal-policy
610,model-based
611,model-free
612,eligibility-traces
613,dyna
614,supervised-learning
615,self-supervised-learning
616,advantage-actor-critic
617,reinforce
618,bayesian-network
619,hierarchical-rl
620,data-mining
621,calculus
622,policy-iteration
623,stationary-policy
624,simulated-annealing
625,sarsa
626,expected-sarsa
627,expectation-maximization
628,satisfiability
629,constraint-satisfaction-problems
630,importance-sampling
631,dynamic-programming
632,curiosity
633,crossover
634,mutation
635,hill-climbing
636,local-search
